{"stats":{"minecraft:used":{"quark:birch_chest":2,"minecraft:stone_pickaxe":82,"minecraft:bread":6,"minecraft:wooden_pickaxe":24,"minecraft:rotten_flesh":2,"minecraft:stone_axe":12,"minecraft:torch":5,"minecraft:cobblestone":8,"minecraft:crafting_table":1,"minecraft:furnace":1,"epicfight:uchigatana":36},"minecraft:custom":{"minecraft:time_since_rest":7490,"minecraft:interact_with_furnace":9,"champions:champion_mobs_killed":8,"minecraft:sprint_one_cm":96854,"minecraft:damage_taken":696,"minecraft:walk_one_cm":306904,"minecraft:mob_kills":9,"minecraft:damage_dealt":1788,"minecraft:damage_dealt_absorbed":42,"minecraft:interact_with_crafting_table":12,"minecraft:fly_one_cm":60394,"minecraft:open_chest":13,"minecraft:crouch_one_cm":2261,"minecraft:play_time":35772,"minecraft:deaths":2,"minecraft:sneak_time":451,"minecraft:walk_under_water_one_cm":1281,"minecraft:jump":430,"minecraft:leave_game":1,"minecraft:time_since_death":7461,"minecraft:walk_on_water_one_cm":1078,"minecraft:total_world_time":35772,"minecraft:fall_one_cm":6380},"minecraft:crafted":{"quark:birch_chest":1,"minecraft:iron_ingot":25,"minecraft:furnace":1,"minecraft:air":136},"minecraft:mined":{"minecraft:birch_log":2,"minecraft:iron_ore":25,"minecraft:andesite":1,"treechop:chopped_log":3,"minecraft:grass_block":1,"minecraft:coal_ore":33,"minecraft:stone":44,"minecraft:infested_stone":3},"minecraft:picked_up":{"minecraft:birch_log":19,"minecraft:stick":6,"minecraft:raw_iron":25,"minecraft:andesite":1,"paraglider:spirit_orb":1,"minecraft:dirt":1,"minecraft:rotten_flesh":4,"minecraft:coal":31,"minecraft:birch_sapling":7,"minecraft:cobblestone":44},"minecraft:killed":{"minecraft:zombie":2,"bloodandmadness:beast_patient":1,"restored_earth:lobber_zombie":2,"minecraft:silverfish":4},"minecraft:killed_by":{"restored_earth:lobber_zombie":1}},"DataVersion":2975}