{"stats":{"minecraft:picked_up":{"hexerei:animal_fat":1,"minecraft:coarse_dirt":5,"apotheosis:gem":1,"minecraft:stick":3,"minecraft:crafting_table":1,"minecraft:porkchop":3,"minecraft:spruce_sapling":7,"minecraft:spruce_log":12,"immersive_weathering:ash_layer_block":2,"minecraft:raw_copper":6,"biomemakeover:witch_hat":1,"minecraft:glowstone_dust":1,"minecraft:coal":2,"minecraft:cobblestone":12},"minecraft:custom":{"minecraft:time_since_rest":661,"minecraft:sprint_one_cm":74793,"champions:champion_mobs_killed":5,"minecraft:damage_taken":761,"minecraft:walk_one_cm":199760,"minecraft:mob_kills":7,"minecraft:drop":3,"minecraft:damage_dealt":1431,"minecraft:swim_one_cm":3303,"minecraft:interact_with_crafting_table":3,"minecraft:fly_one_cm":35709,"minecraft:crouch_one_cm":1815,"minecraft:play_time":25946,"minecraft:deaths":2,"minecraft:sneak_time":306,"minecraft:walk_under_water_one_cm":7991,"minecraft:jump":230,"minecraft:leave_game":1,"minecraft:walk_on_water_one_cm":1810,"minecraft:time_since_death":583,"minecraft:total_world_time":25946,"minecraft:fall_one_cm":4205},"minecraft:killed_by":{"minecraft:skeleton":1,"aquamirae:anglerfish":1},"minecraft:used":{"minecraft:wooden_axe":1,"minecraft:stone_pickaxe":3,"minecraft:bread":5,"minecraft:spruce_planks":9,"minecraft:wooden_pickaxe":12,"epicfight:stone_greatsword":14,"minecraft:stone_axe":7,"minecraft:crafting_table":2,"minecraft:porkchop":3,"minecraft:coarse_dirt":4},"minecraft:mined":{"minecraft:coarse_dirt":5,"treechop:chopped_log":2,"minecraft:crafting_table":1,"minecraft:coal_ore":2,"minecraft:packed_ice":4,"minecraft:copper_ore":1,"minecraft:stone":12},"minecraft:dropped":{"minecraft:raw_copper":3},"minecraft:crafted":{"minecraft:air":61},"minecraft:killed":{"alexsmobs:lobster":1,"minecraft:zombie":2,"minecraft:pig":1,"restored_earth:viler_witch":1,"minecraft:spider":1,"restored_earth:bouldering_zombie":1}},"DataVersion":2975}