{"stats":{"minecraft:picked_up":{"hexerei:animal_fat":1,"apotheosis:gem":1,"minecraft:stick":3,"minecraft:crafting_table":1,"minecraft:porkchop":3,"minecraft:spruce_sapling":7,"minecraft:spruce_log":12,"minecraft:raw_copper":6,"biomemakeover:witch_hat":1,"minecraft:glowstone_dust":1,"minecraft:cobblestone":12},"minecraft:custom":{"minecraft:time_since_rest":6940,"minecraft:sprint_one_cm":41582,"champions:champion_mobs_killed":4,"minecraft:damage_taken":525,"minecraft:walk_one_cm":131540,"minecraft:mob_kills":5,"minecraft:drop":3,"minecraft:damage_dealt":1039,"minecraft:swim_one_cm":3303,"minecraft:interact_with_crafting_table":3,"minecraft:fly_one_cm":13623,"minecraft:crouch_one_cm":1682,"minecraft:play_time":16036,"minecraft:deaths":1,"minecraft:sneak_time":211,"minecraft:walk_under_water_one_cm":3945,"minecraft:jump":142,"minecraft:walk_on_water_one_cm":968,"minecraft:time_since_death":6899,"minecraft:total_world_time":16036,"minecraft:fall_one_cm":1985},"minecraft:killed_by":{"aquamirae:anglerfish":1},"minecraft:used":{"minecraft:wooden_axe":1,"minecraft:stone_pickaxe":1,"minecraft:bread":5,"minecraft:spruce_planks":9,"minecraft:wooden_pickaxe":12,"epicfight:stone_greatsword":10,"minecraft:stone_axe":7,"minecraft:crafting_table":2},"minecraft:mined":{"treechop:chopped_log":2,"minecraft:crafting_table":1,"minecraft:packed_ice":4,"minecraft:copper_ore":1,"minecraft:stone":12},"minecraft:dropped":{"minecraft:raw_copper":3},"minecraft:crafted":{"minecraft:air":61},"minecraft:killed":{"minecraft:zombie":1,"minecraft:pig":1,"restored_earth:viler_witch":1,"minecraft:spider":1,"restored_earth:bouldering_zombie":1}},"DataVersion":2975}