{"stats":{"minecraft:used":{"quark:birch_chest":2,"minecraft:stone_pickaxe":82,"minecraft:bread":6,"minecraft:wooden_pickaxe":24,"minecraft:rotten_flesh":4,"minecraft:stone_axe":12,"minecraft:torch":7,"minecraft:cobblestone":8,"minecraft:crafting_table":1,"minecraft:furnace":1,"epicfight:uchigatana":40},"minecraft:custom":{"minecraft:time_since_rest":20624,"minecraft:interact_with_furnace":9,"champions:champion_mobs_killed":8,"minecraft:sprint_one_cm":110774,"minecraft:damage_taken":839,"minecraft:walk_one_cm":385981,"minecraft:mob_kills":10,"minecraft:drop":1,"minecraft:damage_dealt":2090,"minecraft:damage_dealt_absorbed":84,"minecraft:interact_with_crafting_table":12,"minecraft:fly_one_cm":66002,"minecraft:open_chest":16,"minecraft:crouch_one_cm":3890,"minecraft:play_time":48906,"minecraft:deaths":2,"minecraft:sneak_time":838,"minecraft:walk_under_water_one_cm":1281,"minecraft:jump":490,"minecraft:leave_game":2,"minecraft:time_since_death":20595,"minecraft:walk_on_water_one_cm":1078,"minecraft:total_world_time":48906,"minecraft:fall_one_cm":7705},"minecraft:crafted":{"quark:birch_chest":1,"minecraft:iron_ingot":25,"minecraft:furnace":1,"minecraft:air":136},"minecraft:mined":{"minecraft:birch_log":2,"minecraft:iron_ore":25,"minecraft:andesite":1,"treechop:chopped_log":3,"minecraft:grass_block":1,"minecraft:coal_ore":33,"minecraft:stone":44,"minecraft:infested_stone":3},"minecraft:picked_up":{"minecraft:birch_log":19,"minecraft:stick":6,"minecraft:raw_iron":25,"minecraft:andesite":1,"paraglider:spirit_orb":1,"minecraft:dirt":1,"minecraft:rotten_flesh":4,"dannys_expansion:yellow_spores":2,"minecraft:coal":31,"minecraft:birch_sapling":7,"minecraft:cobblestone":44},"minecraft:killed":{"minecraft:zombie":2,"bloodandmadness:beast_patient":1,"restored_earth:lobber_zombie":2,"dannys_expansion:foamcaster":1,"minecraft:silverfish":4},"minecraft:dropped":{"minecraft:andesite":1},"minecraft:killed_by":{"restored_earth:lobber_zombie":1}},"DataVersion":2975}