{"stats":{"minecraft:used":{"quark:birch_chest":2,"minecraft:stone_pickaxe":54,"minecraft:bread":6,"minecraft:wooden_pickaxe":24,"minecraft:rotten_flesh":2,"minecraft:stone_axe":5,"minecraft:cobblestone":8,"minecraft:crafting_table":1,"minecraft:furnace":1,"epicfight:uchigatana":29},"minecraft:custom":{"minecraft:time_since_rest":4715,"minecraft:interact_with_furnace":4,"champions:champion_mobs_killed":5,"minecraft:sprint_one_cm":81769,"minecraft:damage_taken":501,"minecraft:walk_one_cm":218631,"minecraft:mob_kills":6,"minecraft:damage_dealt":1486,"minecraft:damage_dealt_absorbed":42,"minecraft:interact_with_crafting_table":8,"minecraft:fly_one_cm":46171,"minecraft:open_chest":7,"minecraft:crouch_one_cm":1791,"minecraft:play_time":23772,"minecraft:deaths":1,"minecraft:sneak_time":408,"minecraft:walk_under_water_one_cm":220,"minecraft:jump":308,"minecraft:leave_game":1,"minecraft:time_since_death":4668,"minecraft:walk_on_water_one_cm":181,"minecraft:total_world_time":23772,"minecraft:fall_one_cm":5227},"minecraft:crafted":{"quark:birch_chest":1,"minecraft:iron_ingot":15,"minecraft:furnace":1,"minecraft:air":67},"minecraft:mined":{"minecraft:birch_log":2,"minecraft:iron_ore":18,"treechop:chopped_log":2,"minecraft:grass_block":1,"minecraft:coal_ore":16,"minecraft:stone":44},"minecraft:picked_up":{"minecraft:birch_log":12,"minecraft:stick":4,"minecraft:raw_iron":18,"paraglider:spirit_orb":1,"minecraft:dirt":1,"minecraft:rotten_flesh":2,"minecraft:coal":14,"minecraft:birch_sapling":6,"minecraft:cobblestone":44},"minecraft:killed":{"minecraft:zombie":2,"bloodandmadness:beast_patient":1,"restored_earth:lobber_zombie":1,"minecraft:silverfish":2}},"DataVersion":2975}