{"stats":{"minecraft:used":{"quark:birch_chest":1,"minecraft:cobblestone":3,"minecraft:crafting_table":1,"minecraft:bread":4,"minecraft:stone_pickaxe":39,"minecraft:wooden_pickaxe":24,"epicfight:uchigatana":8},"minecraft:custom":{"minecraft:open_chest":1,"minecraft:time_since_rest":11772,"minecraft:crouch_one_cm":375,"minecraft:play_time":11772,"minecraft:sprint_one_cm":34377,"minecraft:damage_taken":178,"minecraft:walk_one_cm":87652,"minecraft:sneak_time":62,"minecraft:walk_under_water_one_cm":220,"minecraft:mob_kills":1,"minecraft:jump":128,"minecraft:damage_dealt":503,"minecraft:leave_game":1,"minecraft:walk_on_water_one_cm":181,"minecraft:time_since_death":11772,"minecraft:total_world_time":11772,"minecraft:fall_one_cm":1358,"minecraft:interact_with_crafting_table":3,"minecraft:fly_one_cm":16682},"minecraft:crafted":{"minecraft:air":44},"minecraft:mined":{"minecraft:coal_ore":16,"minecraft:iron_ore":17,"minecraft:birch_log":2,"minecraft:stone":30,"treechop:chopped_log":1},"minecraft:picked_up":{"minecraft:birch_log":7,"minecraft:raw_iron":17,"minecraft:stick":4,"paraglider:spirit_orb":1,"minecraft:birch_sapling":2,"minecraft:coal":14,"minecraft:cobblestone":30},"minecraft:killed":{"bloodandmadness:beast_patient":1}},"DataVersion":2975}