{"stats":{"minecraft:killed_by":{"minecraft:skeleton":1,"aquamirae:anglerfish":1},"minecraft:used":{"minecraft:wooden_axe":1,"minecraft:bread":7,"minecraft:stone_pickaxe":5,"minecraft:spruce_planks":14,"minecraft:wooden_pickaxe":12,"epicfight:stone_greatsword":17,"minecraft:stone_axe":7,"minecraft:oak_sapling":1,"minecraft:crafting_table":2,"minecraft:porkchop":3,"minecraft:coarse_dirt":4},"minecraft:killed":{"alexsmobs:lobster":1,"minecraft:zombie":2,"minecraft:pig":1,"restored_earth:viler_witch":1,"minecraft:spider":2,"lilwings:aponi_butterfly":1,"restored_earth:bouldering_zombie":1},"minecraft:crafted":{"minecraft:air":61},"minecraft:picked_up":{"hexerei:animal_fat":1,"minecraft:stick":3,"minecraft:crafting_table":1,"minecraft:coarse_dirt":5,"apotheosis:gem":1,"paraglider:spirit_orb":1,"minecraft:porkchop":3,"minecraft:spruce_sapling":7,"minecraft:spruce_log":12,"minecraft:spider_eye":1,"immersive_weathering:ash_layer_block":7,"minecraft:raw_copper":6,"biomemakeover:witch_hat":1,"minecraft:bread":2,"minecraft:glowstone_dust":1,"minecraft:oak_sapling":2,"minecraft:coal":2,"minecraft:cobblestone":14},"minecraft:custom":{"minecraft:time_since_rest":16727,"champions:champion_mobs_killed":6,"minecraft:sprint_one_cm":149497,"minecraft:damage_taken":983,"minecraft:walk_one_cm":355897,"minecraft:mob_kills":9,"minecraft:drop":11,"minecraft:damage_dealt":1670,"minecraft:swim_one_cm":3303,"minecraft:interact_with_crafting_table":3,"minecraft:fly_one_cm":67378,"minecraft:crouch_one_cm":2151,"minecraft:play_time":42012,"minecraft:deaths":2,"minecraft:sneak_time":486,"minecraft:walk_under_water_one_cm":8503,"minecraft:jump":354,"minecraft:leave_game":1,"minecraft:time_since_death":16649,"minecraft:walk_on_water_one_cm":3185,"minecraft:total_world_time":42012,"minecraft:fall_one_cm":5573},"minecraft:mined":{"minecraft:coarse_dirt":5,"immersive_weathering:ash_layer_block":1,"treechop:chopped_log":2,"minecraft:crafting_table":1,"minecraft:coal_ore":2,"pineapple_delight:pineapple_wild_crop":3,"minecraft:packed_ice":4,"minecraft:copper_ore":1,"minecraft:stone":14},"minecraft:dropped":{"minecraft:raw_copper":3,"paraglider:spirit_orb":1,"minecraft:spruce_sapling":7}},"DataVersion":2975}