{"stats":{"minecraft:used":{"minecraft:bread":4,"minecraft:stone_pickaxe":13,"minecraft:wooden_pickaxe":3,"minecraft:rotten_flesh":1,"minecraft:stone_axe":1,"minecraft:crafting_table":1,"immersive_weathering:charred_log":1,"epicfight:uchigatana":15},"minecraft:killed":{"minecraft:skeleton":1,"minecraft:silverfish":3},"minecraft:crafted":{"minecraft:stick":4,"minecraft:stone_pickaxe":1,"minecraft:air":27},"minecraft:picked_up":{"immersive_weathering:charred_log":1,"paraglider:spirit_orb":2,"minecraft:oak_log":5,"minecraft:arrow":2,"minecraft:rotten_flesh":1,"pineapple_delight:pineapple_crop":4,"minecraft:cobblestone":12},"minecraft:custom":{"minecraft:time_since_rest":15358,"minecraft:sprint_one_cm":59732,"champions:champion_mobs_killed":4,"minecraft:damage_taken":238,"minecraft:walk_one_cm":125661,"minecraft:mob_kills":5,"minecraft:drop":7,"minecraft:damage_dealt":498,"minecraft:swim_one_cm":1113,"minecraft:interact_with_crafting_table":3,"minecraft:fly_one_cm":102817,"minecraft:open_chest":1,"minecraft:crouch_one_cm":1897,"minecraft:play_time":15358,"minecraft:sneak_time":215,"minecraft:walk_under_water_one_cm":126,"minecraft:jump":250,"minecraft:leave_game":1,"minecraft:walk_on_water_one_cm":1410,"minecraft:time_since_death":15358,"minecraft:total_world_time":15358,"minecraft:fall_one_cm":2761},"minecraft:mined":{"immersive_weathering:charred_log":1,"treechop:chopped_log":1,"minecraft:grass":2,"pineapple_delight:pineapple_wild_crop":1,"minecraft:stone":12,"minecraft:infested_stone":3},"minecraft:dropped":{"minecraft:bread":2,"pineapple_delight:pineapple_crop":4,"paraglider:spirit_orb":1}},"DataVersion":2975}